<?xml version="1.0" encoding="UTF-8"?>
<project-private xmlns="http://www.netbeans.org/ns/project-private/1">
    <editor-bookmarks xmlns="http://www.netbeans.org/ns/editor-bookmarks/2" lastBookmarkId="0"/>
    <open-files xmlns="http://www.netbeans.org/ns/projectui-open-files/2">
        <group>
            <file>file:/C:/Users/galaxy/Documents/NetBeansProjects/SalesInvoiceGenerator/src/Sales/View/CreateNewInvoice.java</file>
            <file>file:/C:/Users/galaxy/Documents/NetBeansProjects/SalesInvoiceGenerator/src/Sales/Model/TableModel.java</file>
            <file>file:/C:/Users/galaxy/Documents/NetBeansProjects/SalesInvoiceGenerator/src/Sales/Model/LinesModel.java</file>
            <file>file:/C:/Users/galaxy/Documents/NetBeansProjects/SalesInvoiceGenerator/src/Sales/Model/InvoiceLine.java</file>
            <file>file:/C:/Users/galaxy/Documents/NetBeansProjects/SalesInvoiceGenerator/src/Sales/Controller/Ctrl.java</file>
            <file>file:/C:/Users/galaxy/Documents/NetBeansProjects/SalesInvoiceGenerator/src/Sales/View/SalesInvoiceFrame.java</file>
            <file>file:/C:/Users/galaxy/Documents/NetBeansProjects/SalesInvoiceGenerator/src/Sales/View/CreateNewItem.java</file>
            <file>file:/C:/Users/galaxy/Documents/NetBeansProjects/SalesInvoiceGenerator/src/Sales/Model/InvoiceHeader.java</file>
        </group>
    </open-files>
</project-private>
